Name,City,Region,Applied,Admitted,Enrolled,Acceptance Rate
ABRAHAM LINCOLN HIGH SCHOOL,Los Angeles,Los Angeles,17,6,3,0.35294117647058826
ABRAHAM LINCOLN HIGH SCHOOL,San Francisco,San Francisco,106,21,14,0.19811320754716982
ABRAHAM LINCOLN HIGH SCHOOL,San Jose,Santa Clara,48,10,4,0.20833333333333334
ACADEMY OF THE CANYONS,Santa Clarita,Los Angeles,45,15,6,0.3333333333333333
ACADEMY-SAN FRAN @ MCATEER,San Francisco,San Francisco,19,8,5,0.42105263157894735
ACALANES HIGH SCHOOL,Lafayette,Contra Costa,65,14,7,0.2153846153846154
ADLAI E STEVENSON HIGH SCHOOL,Lincolnshire,IL,89,14,4,0.15730337078651685
ADRIAN C WILCOX HIGH SCHOOL,Santa Clara,Santa Clara,78,13,8,0.16666666666666666
AGOURA HIGH SCHOOL,Agoura Hills,Los Angeles,82,15,6,0.18292682926829268
ALAIN LEROY LOCKE COLLEGE PREP,Los Angeles,Los Angeles,28,4,3,0.14285714285714285
ALAMEDA HIGH SCHOOL,Alameda,Alameda,111,32,18,0.2882882882882883
ALBANY HIGH SCHOOL,Albany,Alameda,88,21,11,0.23863636363636365
ALEXANDER HAMILTON HIGH SCHOOL,Los Angeles,Los Angeles,93,19,9,0.20430107526881722
ALHAMBRA HIGH SCHOOL,Alhambra,Los Angeles,76,9,6,0.11842105263157894
ALISAL HIGH SCHOOL,Salinas,Monterey,50,7,3,0.14
ALISO NIGUEL HIGH SCHOOL,Aliso Viejo,Orange,117,22,10,0.18803418803418803
ALLIANCE M&E STERN MATH SCI SCH,Los Angeles,Los Angeles,17,11,4,0.6470588235294118
ALLIANCE OUCHI-O'DONOVAN 6-12,Los Angeles,Los Angeles,19,7,3,0.3684210526315789
ALSION MONTESSORI MIDDLE/HIGH,Fremont,Alameda,10,6,3,0.6
ALTA LOMA HIGH SCHOOL,Alta Loma,San Bernardino,37,5,3,0.13513513513513514
AMADOR VALLEY HIGH SCHOOL,Pleasanton,Alameda,183,32,23,0.17486338797814208
AMERICAN HERITAGE SCHOOL,Plantation,FL,29,10,4,0.3448275862068966
AMERICAN HIGH SCHOOL,Fremont,Alameda,188,35,25,0.18617021276595744
AMERICAN INDIAN PUBLIC SCHOOL,Oakland,Alameda,49,8,7,0.16326530612244897
AMERICAN SCHOOL IN JAPAN,nan,nan,33,5,3,0.15151515151515152
ANDREW P HILL HIGH SCHOOL,San Jose,Santa Clara,45,10,8,0.2222222222222222
ANGELO RODRIGUEZ HIGH SCHOOL,Fairfield,Solano,62,16,9,0.25806451612903225
ANGLO-CHINESE SCH INDEPENDENT,nan,nan,42,5,3,0.11904761904761904
ANIMO JACKIE ROBINSON CHRT SCH,Los Angeles,Los Angeles,31,9,5,0.2903225806451613
ANIMO LEADERSHIP CHARTER HS,Inglewood,Los Angeles,20,9,4,0.45
ANTELOPE HIGH SCHOOL,Antelope,Sacramento,29,7,3,0.2413793103448276
ANTIOCH HIGH SCHOOL,Antioch,Contra Costa,26,5,4,0.19230769230769232
APPLE VALLEY HIGH SCHOOL,Apple Valley,San Bernardino,17,7,3,0.4117647058823529
APPLEBY COLLEGE,nan,nan,19,6,3,0.3157894736842105
APPLIED TECHNOLOGY CENTER,Montebello,Los Angeles,16,7,3,0.4375
APTOS HIGH SCHOOL,Aptos,Santa Cruz,37,7,5,0.1891891891891892
ARAGON HIGH SCHOOL,San Mateo,San Mateo,129,18,12,0.13953488372093023
ARCADIA HIGH SCHOOL,Arcadia,Los Angeles,249,55,21,0.22088353413654618
ARCHBISHOP MITTY HIGH SCHOOL,San Jose,Santa Clara,139,28,10,0.2014388489208633
ARIZONA COLLEGE PREP - ERIE,Chandler,AZ,10,3,3,0.3
ARLINGTON HIGH SCHOOL,Riverside,Riverside,12,6,3,0.5
ARNOLD O BECKMAN HIGH SCHOOL,Irvine,Orange,190,40,19,0.21052631578947367
ARROYO GRANDE HIGH SCHOOL,Arroyo Grande,San Luis Obispo,36,10,4,0.2777777777777778
ARROYO HIGH SCHOOL,El Monte,Los Angeles,31,8,4,0.25806451612903225
ARROYO HIGH SCHOOL,San Lorenzo,Alameda,60,16,13,0.26666666666666666
ARROYO VALLEY HIGH SCHOOL,San Bernardino,San Bernardino,23,8,4,0.34782608695652173
ASPIRE GOLDEN STATE PREP ACADEMY,Oakland,Alameda,17,3,3,0.17647058823529413
ASPIRE LIONEL WILSON COLG PREP,Oakland,Alameda,18,6,5,0.3333333333333333
ASPIRE RICHMOND CA COLG PREP,Richmond,Contra Costa,13,4,4,0.3076923076923077
BALBOA HIGH SCHOOL,San Francisco,San Francisco,67,10,6,0.14925373134328357
BASIS INDEPENDENT SILICON VLY,San Jose,Santa Clara,76,19,6,0.25
BASIS SCOTTSDALE CHARTER SCH,Scottsdale,AZ,37,14,7,0.3783783783783784
BEAR CREEK HIGH SCHOOL,Stockton,San Joaquin,19,5,4,0.2631578947368421
BEIJING NATIONAL DAY SCHOOL,nan,nan,134,5,3,0.03731343283582089
BELLARMINE COLLEGE PREPARATORY,San Jose,Santa Clara,87,16,6,0.1839080459770115
BELLEVUE SENIOR HIGH SCHOOL,Bellevue,WA,83,11,4,0.13253012048192772
BELMONT HIGH SCHOOL,Los Angeles,Los Angeles,15,9,6,0.6
BENICIA HIGH SCHOOL,Benicia,Solano,60,12,5,0.2
BERGEN COUNTY ACADEMIES,Hackensack,NJ,50,19,8,0.38
BERKELEY HIGH SCHOOL,Berkeley,Alameda,232,49,18,0.21120689655172414
BEVERLY HILLS HIGH SCHOOL,Beverly Hills,Los Angeles,90,17,8,0.18888888888888888
BISHOP ODOWD HIGH SCHOOL,Oakland,Alameda,112,15,5,0.13392857142857142
BISHOPS SCHOOL,La Jolla,San Diego,72,15,4,0.20833333333333334
BLUE VALLEY NORTH HIGH SCHOOL,Overland Park,KS,12,6,3,0.5
BONITA HIGH SCHOOL,La Verne,Los Angeles,46,11,3,0.2391304347826087
BONITA VISTA HIGH SCHOOL,Chula Vista,San Diego,40,10,7,0.25
BRANHAM HIGH SCHOOL,San Jose,Santa Clara,69,9,7,0.13043478260869565
BREA OLINDA HIGH SCHOOL,Brea,Orange,43,15,9,0.3488372093023256
BRIDGEWATER-RARITAN RGNL HS,Bridgewater,NJ,35,7,4,0.2
BRITISH SCHOOL OF RIO,nan,nan,9,4,3,0.4444444444444444
BUENA PARK HIGH SCHOOL,Buena Park,Orange,28,8,6,0.2857142857142857
BURBANK SENIOR HIGH SCHOOL,Burbank,Los Angeles,76,13,5,0.17105263157894737
BURLINGAME HIGH SCHOOL,Burlingame,San Mateo,107,19,10,0.17757009345794392
C K MCCLATCHY HIGH SCHOOL,Sacramento,Sacramento,70,24,16,0.34285714285714286
CA SCH ARTS SAN GABRIEL VALLEY,Duarte,Los Angeles,16,6,3,0.375
CALABASAS HIGH SCHOOL,Calabasas,Los Angeles,130,16,5,0.12307692307692308
CALEXICO HIGH SCHOOL,Calexico,Imperial,19,10,9,0.5263157894736842
CALIFORNIA ACAD MATH & SCIENCE,Carson,Los Angeles,84,22,10,0.2619047619047619
CALIFORNIA CONNCT ACDMY S CAL,San Juan Capistrano,Orange,18,9,3,0.5
CALIFORNIA HIGH SCHOOL,San Ramon,Contra Costa,166,39,21,0.23493975903614459
CALIFORNIA HIGH SCHOOL,Whittier,Los Angeles,30,8,5,0.26666666666666666
CAMPBELL HALL,Studio City,Los Angeles,48,7,3,0.14583333333333334
CAMPOLINDO HIGH SCHOOL,Moraga,Contra Costa,79,16,6,0.20253164556962025
CANYON CREST ACADEMY,San Diego,San Diego,269,66,38,0.24535315985130113
CANYON HIGH SCHOOL,Anaheim,Orange,79,20,6,0.25316455696202533
CAPISTRANO VALLEY HIGH SCHOOL,Mission Viejo,Orange,63,23,10,0.36507936507936506
CARLMONT HIGH SCHOOL,Belmont,San Mateo,191,33,19,0.17277486910994763
CARLSBAD HIGH SCHOOL,Carlsbad,San Diego,80,18,10,0.225
CARMEL HIGH SCHOOL,Carmel,Monterey,35,10,4,0.2857142857142857
CARONDELET HIGH SCHOOL,Concord,Contra Costa,28,10,5,0.35714285714285715
CARSON HIGH SCHOOL,Carson,Los Angeles,24,6,3,0.25
CASA GRANDE HIGH SCHOOL,Petaluma,Sonoma,28,3,3,0.10714285714285714
CASTRO VALLEY HIGH SCHOOL,Castro Valley,Alameda,167,13,8,0.07784431137724551
CATE SCHOOL,Carpinteria,Santa Barbara,34,11,4,0.3235294117647059
CATHEDRAL CATHOLIC H S,San Diego,San Diego,87,24,10,0.27586206896551724
CATHEDRAL CITY HIGH SCHOOL,Cathedral City,Riverside,22,8,5,0.36363636363636365
CENTENNIAL HIGH SCHOOL,Corona,Riverside,59,13,6,0.22033898305084745
CENTRAL HIGH SCHOOL EAST/WEST,Fresno,Fresno,28,7,5,0.25
CERES HIGH SCHOOL,Ceres,Stanislaus,22,5,4,0.22727272727272727
CERRITOS HIGH SCHOOL,Cerritos,Los Angeles,86,17,8,0.19767441860465115
CESAR CHAVEZ HIGH SCHOOL,Stockton,San Joaquin,43,5,4,0.11627906976744186
CESAR E CHAVEZ HIGH SCHOOL,Delano,Kern,21,8,5,0.38095238095238093
CHADWICK INTERNATIONAL SCHOOL,nan,nan,51,13,5,0.2549019607843137
CHADWICK SCHOOL,Palos Verdes Estate,Los Angeles,53,11,3,0.20754716981132076
CHAFFEY HIGH SCHOOL,Ontario,San Bernardino,28,7,5,0.25
CHAMINADE COLLEGE PREPARATORY,West Hills,Los Angeles,98,18,11,0.1836734693877551
CHAPARRAL HIGH SCHOOL,Temecula,Riverside,43,12,4,0.27906976744186046
CHEONGSHIM INTERNATIONAL ACAD,nan,nan,20,8,4,0.4
CHICO SENIOR HIGH SCHOOL,Chico,Butte,33,8,4,0.24242424242424243
CHINESE INTERNATIONAL SCHOOL,nan,nan,46,7,6,0.15217391304347827
CHRISTIAN BROTHERS HIGH SCHOOL,Sacramento,Sacramento,39,7,4,0.1794871794871795
CHULA VISTA SENIOR HIGH SCHOOL,Chula Vista,San Diego,28,7,5,0.25
CITRUS HILL HIGH SCHOOL,Perris,Riverside,11,5,3,0.45454545454545453
CLAREMONT HIGH SCHOOL,Claremont,Los Angeles,73,9,3,0.1232876712328767
CLAYTON VALLEY HIGH SCHOOL,Concord,Contra Costa,79,18,11,0.22784810126582278
CLEVELAND HIGH SCHOOL,Reseda,Los Angeles,92,29,12,0.31521739130434784
CLOVIS EAST HIGH SCHOOL,Clovis,Fresno,36,7,3,0.19444444444444445
CLOVIS NORTH HIGH SCHOOL,Fresno,Fresno,67,29,12,0.43283582089552236
CLOVIS WEST HIGH SCHOOL,Fresno,Fresno,34,12,10,0.35294117647058826
COACHELLA VALLEY HIGH SCHOOL,Thermal,Riverside,25,8,3,0.32
COLLEGE PARK HIGH SCHOOL,Pleasant Hill,Contra Costa,45,5,3,0.1111111111111111
COLLINGWOOD SCHOOL,nan,nan,19,3,3,0.15789473684210525
CONCORD HIGH SCHOOL,Concord,Contra Costa,23,6,3,0.2608695652173913
CONNECTING WATERS CHARTER SCH,Waterford,Stanislaus,8,3,3,0.375
CORONA DEL MAR HIGH SCHOOL,Newport Beach,Orange,99,21,8,0.21212121212121213
CORONA HIGH SCHOOL,Corona,Riverside,26,8,4,0.3076923076923077
COSTA MESA HIGH SCHOOL,Costa Mesa,Orange,21,5,3,0.23809523809523808
COSUMNES OAKS HIGH SCHOOL,Elk Grove,Sacramento,63,17,10,0.2698412698412698
CREAN LUTHERAN HIGH SCHOOL,Irvine,Orange,74,22,13,0.2972972972972973
CRESCENTA VALLEY HIGH SCHOOL,La Crescenta,Los Angeles,152,21,5,0.13815789473684212
CROFTON HOUSE SCHOOL,nan,nan,20,7,5,0.35
CULVER CITY HIGH SCHOOL,Culver City,Los Angeles,68,14,5,0.20588235294117646
CUPERTINO HIGH SCHOOL,Cupertino,Santa Clara,269,32,15,0.11895910780669144
CYPRESS HIGH SCHOOL,Cypress,Orange,75,9,3,0.12
DANA HILLS HIGH SCHOOL,Dana Point,Orange,76,19,9,0.25
DAVIS SENIOR HIGH SCHOOL,Davis,Yolo,171,33,14,0.19298245614035087
DE ANZA HIGH SCHOOL,Richmond,Contra Costa,55,22,21,0.4
DE LA SALLE HIGH SCHOOL,Concord,Contra Costa,50,12,6,0.24
DE TOLEDO HIGH SCHOOL,West Hills,Los Angeles,11,4,3,0.36363636363636365
DEL MAR HIGH SCHOOL,San Jose,Santa Clara,23,3,3,0.13043478260869565
DEL NORTE HIGH SCHOOL,San Diego,San Diego,160,26,7,0.1625
DELANO HIGH SCHOOL,Delano,Kern,19,5,3,0.2631578947368421
DESERT MIRAGE HIGH SCHOOL,Thermal,Riverside,24,8,6,0.3333333333333333
DESERT VISTA HIGH SCHOOL,Phoenix,AZ,22,6,4,0.2727272727272727
DESIGN TECH HIGH SCHOOL,Redwood City,San Mateo,42,15,6,0.35714285714285715
DIAMOND BAR HIGH SCHOOL,Diamond Bar,Los Angeles,264,39,19,0.14772727272727273
DIAMOND RANCH HIGH SCHOOL,Pomona,Los Angeles,29,9,3,0.3103448275862069
DIXON HIGH SCHOOL,Dixon,Solano,19,6,3,0.3157894736842105
DOMINGUEZ SENIOR HIGH SCHOOL,Compton,Los Angeles,18,10,4,0.5555555555555556
DOS PUEBLOS HIGH SCHOOL,Goleta,Santa Barbara,77,14,4,0.18181818181818182
DOUGHERTY VALLEY HIGH SCHOOL,San Ramon,Contra Costa,430,78,39,0.1813953488372093
DOWNEY HIGH SCHOOL,Downey,Los Angeles,65,12,4,0.18461538461538463
DOWNTOWN COLG PREP ALUM ROCK,San Jose,Santa Clara,11,4,4,0.36363636363636365
DOWNTOWN MAGNETS HIGH SCHOOL,Los Angeles,Los Angeles,56,19,8,0.3392857142857143
DR RICHARD VLADOVIC HARBOR ACA,Wilmington,Los Angeles,29,11,4,0.3793103448275862
DR TJ OWENS GILROY EARLY COLG,Gilroy,Santa Clara,39,8,6,0.20512820512820512
DUBLIN HIGH SCHOOL,Dublin,Alameda,207,39,26,0.18840579710144928
EAST PALO ALTO ACADEMY,East Palo Alto,San Mateo,13,4,4,0.3076923076923077
EASTLAKE HIGH SCHOOL,Chula Vista,San Diego,56,11,4,0.19642857142857142
EDISON HIGH SCHOOL,Fresno,Fresno,63,24,9,0.38095238095238093
EDISON SENIOR HIGH SCHOOL,Stockton,San Joaquin,40,5,4,0.125
EL CAMINO HIGH SCHOOL,Oceanside,San Diego,38,9,7,0.23684210526315788
EL CAMINO HIGH SCHOOL,Ventura,Ventura,8,4,3,0.5
EL CAMINO REAL CHARTER HIGH SC,Woodland Hills,Los Angeles,85,18,6,0.21176470588235294
EL CERRITO HIGH SCHOOL,El Cerrito,Contra Costa,97,24,17,0.24742268041237114
EL MODENA HIGH SCHOOL,Orange,Orange,22,6,3,0.2727272727272727
EL TORO HIGH SCHOOL,Lake Forest,Orange,54,8,6,0.14814814814814814
ELEANOR ROOSEVELT HIGH SCHOOL,Eastvale,Riverside,98,20,5,0.20408163265306123
ELSIE ALLEN HIGH SCHOOL,Santa Rosa,Sonoma,10,4,3,0.4
EMERY SECONDARY SCHOOL,Emeryville,Alameda,20,6,4,0.3
ENCINAL HIGH SCHOOL,Alameda,Alameda,47,12,8,0.2553191489361702
ENVIRONMENTAL CHARTER HS,Lawndale,Los Angeles,14,8,3,0.5714285714285714
ENVISION ACAD ARTS/TECHNOLOGY,Oakland,Alameda,8,3,3,0.375
ETIWANDA HIGH SCHOOL,Etiwanda,San Bernardino,54,13,5,0.24074074074074073
EVEREST PUBLIC HIGH SCHOOL,Redwood City,San Mateo,22,6,4,0.2727272727272727
EVERETT ALVAREZ HIGH SCHOOL,Salinas,Monterey,42,16,7,0.38095238095238093
EVERGREEN VALLEY HIGH SCHOOL,San Jose,Santa Clara,237,25,13,0.10548523206751055
EXPERIMENTAL BEIJING NORML UNV,nan,nan,151,10,6,0.06622516556291391
FAIRFAX HIGH SCHOOL,Los Angeles,Los Angeles,29,8,3,0.27586206896551724
FAIRFIELD HIGH SCHOOL,Fairfield,Solano,16,4,4,0.25
FAIRVIEW HIGH SCHOOL,Boulder,CO,53,11,3,0.20754716981132076
FELICITAS GONZALO MENDEZ HS,Los Angeles,Los Angeles,9,6,4,0.6666666666666666
FLINTRIDGE SACRED HEART ACAD,La Canada,Los Angeles,39,10,9,0.2564102564102564
FLORIN HIGH SCHOOL,Sacramento,Sacramento,27,6,4,0.2222222222222222
FLOYD B BUCHANAN HIGH SCHOOL,Clovis,Fresno,45,11,5,0.24444444444444444
FOLSOM HIGH SCHOOL,Folsom,Sacramento,83,23,16,0.27710843373493976
FOOTHILL HIGH SCHOOL,Pleasanton,Alameda,193,39,27,0.20207253886010362
FOOTHILL HIGH SCHOOL,Santa Ana,Orange,74,14,4,0.1891891891891892
FOUNTAIN VALLEY HIGH SCHOOL,Fountain Valley,Orange,101,15,3,0.1485148514851485
FRANCIS W PARKER SCHOOL,San Diego,San Diego,49,7,3,0.14285714285714285
FRANKLIN HIGH SCHOOL,Elk Grove,Sacramento,88,21,11,0.23863636363636365
FRED C BEYER HIGH SCHOOL,Modesto,Stanislaus,12,6,4,0.5
FREMONT HIGH SCHOOL,Oakland,Alameda,32,4,3,0.125
FREMONT HIGH SCHOOL,Sunnyvale,Santa Clara,89,16,6,0.1797752808988764
GABRIELINO HIGH SCHOOL,San Gabriel,Los Angeles,67,11,4,0.16417910447761194
GALILEO ACAD OF SCIENCE & TECH,San Francisco,San Francisco,107,9,7,0.08411214953271028
GARDENA HIGH SCHOOL,Gardena,Los Angeles,13,4,3,0.3076923076923077
GARFIELD HIGH SCHOOL,Seattle,WA,51,9,4,0.17647058823529413
GATEWAY HIGH SCHOOL,San Francisco,San Francisco,25,4,3,0.16
GEORGE WASHINGTON HIGH SCHOOL,San Francisco,San Francisco,95,15,9,0.15789473684210525
GLEN A WILSON HIGH SCHOOL,Hacienda Heights,Los Angeles,59,14,6,0.23728813559322035
GOLDEN VALLEY HIGH SCHOOL,Bakersfield,Kern,22,6,5,0.2727272727272727
GOMPERS PREPARATORY ACADEMY,San Diego,San Diego,30,7,3,0.23333333333333334
GRACE M DAVIS HIGH SCHOOL,Modesto,Stanislaus,20,5,3,0.25
GRANADA HIGH SCHOOL,Livermore,Alameda,61,6,5,0.09836065573770492
GRANADA HILLS CHARTER HIGH SCH,Granada Hills,Los Angeles,226,42,14,0.18584070796460178
GRANGE SCHOOL THE,nan,nan,7,5,3,0.7142857142857143
GRANITE BAY HIGH SCHOOL,Granite Bay,Placer,96,28,15,0.2916666666666667
GRANITE HILLS HIGH SCHOOL,El Cajon,San Diego,30,7,3,0.23333333333333334
GREAT NECK SOUTH HIGH SCHOOL,Great Neck,NY,29,14,5,0.4827586206896552
GREAT OAK HIGH SCHOOL,Temecula,Riverside,69,21,7,0.30434782608695654
GRETCHEN WHITNEY HIGH SCHOOL,Cerritos,Los Angeles,86,21,17,0.2441860465116279
HALF MOON BAY HIGH SCHOOL,Half Moon Bay,San Mateo,25,3,3,0.12
HANKUK ACAD OF FOREIGN STUDIES,nan,nan,19,9,3,0.47368421052631576
HARKER SCHOOL,San Jose,Santa Clara,181,28,8,0.15469613259668508
HARMONY MAGNET ACADEMY,Porterville,Tulare,11,5,3,0.45454545454545453
HAWTHORNE HIGH SCHOOL,Hawthorne,Los Angeles,22,6,5,0.2727272727272727
HAYWARD HIGH SCHOOL,Hayward,Alameda,43,8,8,0.18604651162790697
HEAD-ROYCE SCHOOL THE,Oakland,Alameda,58,10,3,0.1724137931034483
HENRY M GUNN SENIOR HIGH SCHL,Palo Alto,Santa Clara,237,30,13,0.12658227848101267
HERBERT HOOVER HIGH SCHOOL,San Diego,San Diego,42,10,5,0.23809523809523808
HERCULES HIGH SCHOOL,Hercules,Contra Costa,47,17,12,0.3617021276595745
HERITAGE HIGH SCHOOL,Brentwood,Contra Costa,61,6,3,0.09836065573770492
HIGH SCH @RENMIN UNIV OF CHINA,nan,nan,215,11,4,0.05116279069767442
HIGH TECH HIGH CHULA VISTA,Chula Vista,San Diego,22,7,4,0.3181818181818182
HILLCREST HIGH SCHOOL,Riverside,Riverside,22,5,3,0.22727272727272727
HILLSBOROUGH HIGH SCHOOL,Hillsborough,NJ,24,7,5,0.2916666666666667
HILLTOP HIGH SCHOOL,Chula Vista,San Diego,23,8,3,0.34782608695652173
HINSDALE CENTRAL HIGH SCHOOL,Hinsdale,IL,30,10,3,0.3333333333333333
HISAR SCHOOL,nan,nan,24,7,6,0.2916666666666667
HOLLYWOOD HIGH SCHOOL,Los Angeles,Los Angeles,44,8,3,0.18181818181818182
HOMESTEAD HIGH SCHOOL,Cupertino,Santa Clara,229,24,14,0.10480349344978165
HONG KONG INTERNATIONAL SCHOOL,nan,nan,92,15,4,0.16304347826086957
HORACE MANN SCHOOL,Bronx,NY,21,6,3,0.2857142857142857
HOTCHKISS SCHOOL THE,Lakeville,CT,39,11,3,0.28205128205128205
HUENEME HIGH SCHOOL,Oxnard,Ventura,14,7,4,0.5
HUNTER COLLEGE HIGH SCHOOL,New York,NY,51,18,3,0.35294117647058826
HUNTINGTON BEACH HIGH SCHOOL,Huntington Beach,Orange,90,21,11,0.23333333333333334
HWA CHONG INSTITUTION,nan,nan,93,10,5,0.10752688172043011
IMMACULATE HEART HIGH SCHOOL,Los Angeles,Los Angeles,41,7,5,0.17073170731707318
IMPACT ACAD ARTS/TECHNOLOGY,Hayward,Alameda,28,4,3,0.14285714285714285
INDEPENDENCE HIGH SCHOOL,San Jose,Santa Clara,82,8,6,0.0975609756097561
INDEPENDENCE HIGH SCHOOL,Bakersfield,Kern,19,6,3,0.3157894736842105
INDERKUM HIGH SCHOOL,Sacramento,Sacramento,88,19,12,0.2159090909090909
INDIO HIGH SCHOOL,Indio,Riverside,8,4,3,0.5
INDUS INTERNATIONAL SCHOOL,nan,nan,18,5,4,0.2777777777777778
INTERNATIONAL SCHOOL BANGALORE,nan,nan,66,9,6,0.13636363636363635
INTERNATIONAL SCHOOL MANILA,nan,nan,46,6,3,0.13043478260869565
INTERNATIONAL SCHOOL OF BEIJING,nan,nan,44,7,3,0.1590909090909091
IRVINE HIGH SCHOOL,Irvine,Orange,125,24,12,0.192
IRVINGTON HIGH SCHOOL,Fremont,Alameda,248,63,47,0.2540322580645161
ITESM CAMPUS SANTA FE,nan,nan,9,3,3,0.3333333333333333
JAMES A GARFIELD HIGH SCHOOL,Los Angeles,Los Angeles,51,18,7,0.35294117647058826
JAMES C ENOCHS HIGH SCHOOL,Modesto,Stanislaus,34,12,5,0.35294117647058826
JAMES LOGAN HIGH SCHOOL,Union City,Alameda,156,34,25,0.21794871794871795
JEFFERSON HIGH SCHOOL,Daly City,San Mateo,30,3,3,0.1
JESSE M BETHEL HIGH SCHOOL,Vallejo,Solano,35,4,3,0.11428571428571428
JESUIT HIGH SCHOOL,Carmichael,Sacramento,65,12,8,0.18461538461538463
JESUIT HIGH SCHOOL,Portland,OR,45,15,8,0.3333333333333333
JOHN A ROWLAND HIGH SCHOOL,Rowland Heights,Los Angeles,64,11,3,0.171875
JOHN BURROUGHS HIGH SCHOOL,Burbank,Los Angeles,67,15,6,0.22388059701492538
JOHN C FREMONT HIGH SCHOOL,Los Angeles,Los Angeles,27,4,3,0.14814814814814814
JOHN C KIMBALL HIGH SCHOOL,Tracy,San Joaquin,27,11,9,0.4074074074074074
JOHN F KENNEDY HIGH SCHOOL,La Palma,Orange,51,12,8,0.23529411764705882
JOHN F KENNEDY HIGH SCHOOL,Fremont,Alameda,37,7,5,0.1891891891891892
JOHN F KENNEDY HIGH SCHOOL,Sacramento,Sacramento,29,3,3,0.10344827586206896
JOHN H FRANCIS POLYTECHNIC HS,Sun Valley,Los Angeles,45,16,9,0.35555555555555557
JOHN MARSHALL FUNDAMENTAL SCH,Pasadena,Los Angeles,19,12,3,0.631578947368421
JOHN MARSHALL HIGH SCHOOL,Los Angeles,Los Angeles,108,17,10,0.1574074074074074
JOHN P STEVENS HIGH SCHOOL,Edison,NJ,52,12,6,0.23076923076923078
JOHN SWETT HIGH SCHOOL,Crockett,Contra Costa,21,6,4,0.2857142857142857
JOHN W NORTH HIGH SCHOOL,Riverside,Riverside,38,9,3,0.23684210526315788
JOSEPH A GREGORI HIGH SCHOOL,Modesto,Stanislaus,29,6,3,0.20689655172413793
JSERRA CATHOLIC HIGH SCHOOL,San Juan Capistrano,Orange,59,12,5,0.2033898305084746
JUNIPERO SERRA HIGH SCHOOL,San Mateo,San Mateo,36,12,8,0.3333333333333333
KENT SCHOOL,Kent,CT,40,10,4,0.25
KING DREW MAGNET HS MED/SCI,Los Angeles,Los Angeles,39,10,5,0.2564102564102564
KIPP KING COLLEGIATE HIGH SCH,San Lorenzo,Alameda,49,13,7,0.2653061224489796
KIPP SAN JOSE COLLEGIATE,San Jose,Santa Clara,26,4,3,0.15384615384615385
KOLEJ YAYASAN UEM,nan,nan,17,6,3,0.35294117647058826
KOREA INTERNATIONAL SCHOOL,nan,nan,70,15,6,0.21428571428571427
LA CANADA HIGH SCHOOL,La Canada,Los Angeles,113,18,5,0.1592920353982301
LA CENTER ENRICHED STUDIES,Los Angeles,Los Angeles,64,14,4,0.21875
LA COSTA CANYON HIGH SCHOOL,Carlsbad,San Diego,60,10,5,0.16666666666666666
LA JOLLA HIGH,La Jolla,San Diego,100,24,14,0.24
LA MIRADA HIGH SCHOOL,La Mirada,Los Angeles,26,5,3,0.19230769230769232
LA SALLE HIGH SCHOOL,Pasadena,Los Angeles,45,8,5,0.17777777777777778
LA SERNA HIGH SCHOOL,Whittier,Los Angeles,45,14,3,0.3111111111111111
LAGUNA BEACH HIGH SCHOOL,Laguna Beach,Orange,49,10,7,0.20408163265306123
LAGUNA CREEK HIGH SCHOOL,Elk Grove,Sacramento,32,9,5,0.28125
LAHORE GRAMMAR SCHOOL DEFENCE,nan,nan,8,4,3,0.5
LAKE FOREST ACADEMY,Lake Forest,IL,23,3,3,0.13043478260869565
LAKESIDE HIGH SCHOOL,Lake Elsinore,Riverside,14,7,3,0.5
LAKEWOOD HIGH SCHOOL,Lakewood,Los Angeles,38,8,3,0.21052631578947367
LAMBERT HIGH SCHOOL,Suwanee,GA,33,8,3,0.24242424242424243
LAS LOMAS HIGH SCHOOL,Walnut Creek,Contra Costa,76,15,4,0.19736842105263158
LAUREL SPRINGS SCHOOL,Ojai,Ventura,22,4,3,0.18181818181818182
LAWNDALE HIGH SCHOOL,Lawndale,Los Angeles,44,8,4,0.18181818181818182
LE LYCEE FRANCAIS DE LOS ANGELES,Los Angeles,Los Angeles,20,6,3,0.3
LEADERSHIP HIGH SCHOOL,San Francisco,San Francisco,17,4,3,0.23529411764705882
LEADERSHIP PUBLIC SCH HAYWARD,Hayward,Alameda,39,9,5,0.23076923076923078
LEADERSHIP PUBLIC SCH RICHMOND,Richmond,Contra Costa,47,10,3,0.2127659574468085
LEIGH HIGH SCHOOL,San Jose,Santa Clara,80,16,9,0.2
LELAND HIGH SCHOOL,San Jose,Santa Clara,182,31,21,0.17032967032967034
LENNOX MATH SCIENCE TECH ACAD,Inglewood,Los Angeles,27,13,6,0.48148148148148145
LEUZINGER HIGH SCHOOL,Lawndale,Los Angeles,43,14,5,0.32558139534883723
LEXINGTON HIGH SCHOOL,Lexington,MA,82,13,7,0.15853658536585366
LIBERAL ARTS & SCIENCE ACAD HS,Austin,TX,39,14,5,0.358974358974359
LIBERTY HIGH SCHOOL,Bakersfield,Kern,21,6,3,0.2857142857142857
LIBERTY HIGH SCHOOL,Brentwood,Contra Costa,32,4,3,0.125
LICK WILMERDING HIGH SCHOOL,San Francisco,San Francisco,75,13,3,0.17333333333333334
LIFE ACADEMY HIGH SCHOOL,Oakland,Alameda,16,5,4,0.3125
LINCOLN HIGH SCHOOL,Stockton,San Joaquin,40,11,3,0.275
LINDSAY HIGH SCHOOL,Lindsay,Tulare,6,3,3,0.5
LIVERMORE HIGH SCHOOL,Livermore,Alameda,39,5,3,0.1282051282051282
LONG BEACH POLYTECHNIC HS,Long Beach,Los Angeles,114,20,7,0.17543859649122806
LORD BYNG SECONDARY SCHOOL,nan,nan,28,8,4,0.2857142857142857
LOS ALAMITOS HIGH SCHOOL,Los Alamitos,Orange,94,22,8,0.23404255319148937
LOS ALAMOS HIGH SCHOOL,Los Alamos,NM,25,5,4,0.2
LOS ALTOS HIGH SCHOOL,Los Altos,Santa Clara,200,40,19,0.2
LOS GATOS HIGH SCHOOL,Los Gatos,Santa Clara,147,29,19,0.19727891156462585
LOS OSOS HIGH SCHOOL,Rancho Cucamonga,San Bernardino,116,25,10,0.21551724137931033
LOUISVILLE HIGH SCHOOL,Woodland Hills,Los Angeles,24,7,3,0.2916666666666667
LOWELL HIGH SCHOOL,San Francisco,San Francisco,435,106,64,0.24367816091954023
LOYOLA HIGH SCHOOL,Los Angeles,Los Angeles,107,22,9,0.205607476635514
LUIS VALDEZ LEADERSHIP ACADEMY,San Jose,Santa Clara,11,4,3,0.36363636363636365
LUTHER BURBANK HIGH SCHOOL,Sacramento,Sacramento,35,5,4,0.14285714285714285
LYCEE FRANCAIS DE SAN FRAN,San Francisco,San Francisco,18,4,3,0.2222222222222222
LYNBROOK HIGH SCHOOL,San Jose,Santa Clara,294,26,10,0.08843537414965986
MADERA SOUTH HIGH SCHOOL,Madera,Madera,39,6,3,0.15384615384615385
MADISON PARK ACADEMY,Oakland,Alameda,16,3,3,0.1875
MAKING WAVES ACADEMY,Richmond,Contra Costa,24,13,10,0.5416666666666666
MALLYA ADITI INTERNATIONAL SCH,nan,nan,24,6,4,0.25
MARIA CARRILLO HIGH SCHOOL,Santa Rosa,Sonoma,44,9,4,0.20454545454545456
MARK KEPPEL HIGH SCHOOL,Alhambra,Los Angeles,94,12,4,0.1276595744680851
MARLBOROUGH SCHOOL,Los Angeles,Los Angeles,43,11,3,0.2558139534883721
MARTIN LUTHER KING HIGH SCHOOL,Riverside,Riverside,46,9,3,0.1956521739130435
MARYMOUNT HIGH SCHOOL,Los Angeles,Los Angeles,41,7,4,0.17073170731707318
MATER DEI HIGH SCHOOL,Santa Ana,Orange,110,9,3,0.08181818181818182
MATH SCI TECH MAGNT ACD AT RHS,Los Angeles,Los Angeles,15,7,4,0.4666666666666667
MAYFIELD SENIOR SCHOOL,Pasadena,Los Angeles,24,7,5,0.2916666666666667
MENLO ATHERTON HIGH SCHOOL,Atherton,San Mateo,136,26,14,0.19117647058823528
MENLO SCHOOL,Atherton,San Mateo,66,13,5,0.19696969696969696
MERRILL F WEST HIGH SCHOOL,Tracy,San Joaquin,43,10,5,0.23255813953488372
MIDDLE COLLEGE HIGH SCHOOL,San Bernardino,San Bernardino,17,5,3,0.29411764705882354
MIDDLE COLLEGE HIGH SCHOOL,San Pablo,Contra Costa,31,12,8,0.3870967741935484
MIDDLE COLLEGE HIGH SCHOOL,Stockton,San Joaquin,29,15,9,0.5172413793103449
MILLS HIGH SCHOOL,Millbrae,San Mateo,84,12,5,0.14285714285714285
MILPITAS HIGH SCHOOL,Milpitas,Santa Clara,145,23,13,0.15862068965517243
MIRA COSTA HIGH SCHOOL,Manhattan Beach,Los Angeles,218,26,8,0.11926605504587157
MIRA LOMA HIGH SCHOOL,Sacramento,Sacramento,87,20,11,0.22988505747126436
MIRA MESA HIGH SCHOOL,San Diego,San Diego,60,10,5,0.16666666666666666
MIRAMONTE HIGH SCHOOL,Orinda,Contra Costa,116,20,10,0.1724137931034483
MISSION HILLS HIGH SCHOOL,San Marcos,San Diego,45,9,4,0.2
MISSION SAN JOSE HIGH SCHOOL,Fremont,Alameda,323,47,28,0.14551083591331268
MISSION SENIOR HIGH SCHOOL,San Francisco,San Francisco,75,11,8,0.14666666666666667
MISSION VISTA HIGH SCHOOL,Oceanside,San Diego,37,9,3,0.24324324324324326
MIT (MARE ISLAND TECH) ACADEMY,Vallejo,Solano,18,5,4,0.2777777777777778
MODESTO HIGH SCHOOL,Modesto,Stanislaus,43,18,8,0.4186046511627907
MONTA VISTA HIGH SCHOOL,Cupertino,Santa Clara,346,38,17,0.10982658959537572
MONTE VISTA CHRISTIAN HS,Watsonville,Santa Cruz,40,6,5,0.15
MONTE VISTA HIGH SCHOOL,Danville,Contra Costa,133,27,11,0.20300751879699247
MONTEREY HIGH SCHOOL,Monterey,Monterey,35,7,4,0.2
MONTGOMERY BLAIR HIGH SCHOOL,Silver Spring,MD,61,20,9,0.32786885245901637
MOORPARK HIGH SCHOOL,Moorpark,Ventura,35,10,5,0.2857142857142857
MOREAU CATHOLIC HIGH SCHOOL,Hayward,Alameda,60,12,5,0.2
MORRISON ACADEMY,nan,nan,16,4,3,0.25
MOUNT DIABLO HIGH SCHOOL,Concord,Contra Costa,21,7,5,0.3333333333333333
MOUNT EDEN HIGH SCHOOL,Hayward,Alameda,49,11,7,0.22448979591836735
MOUNT PLEASANT HIGH SCHOOL,San Jose,Santa Clara,36,8,6,0.2222222222222222
MOUNTAIN VIEW HIGH SCHOOL,Mountain View,Santa Clara,135,20,10,0.14814814814814814
MOUNTAIN VISTA HIGH SCHOOL,Highlands Ranch,CO,11,5,3,0.45454545454545453
MT CARMEL HIGH SCHOOL,San Diego,San Diego,50,7,3,0.14
NANJING FOREIGN LANGUAGE SCH,nan,nan,136,3,3,0.022058823529411766
NANJING JINLING HIGH SCHOOL,nan,nan,68,6,5,0.08823529411764706
NAPA HIGH SCHOOL,Napa,Napa,35,7,4,0.2
NAPERVILLE NORTH HIGH SCHOOL,Naperville,IL,42,12,5,0.2857142857142857
NATIONAL EXPERIMENTAL HS,nan,nan,23,3,3,0.13043478260869565
NATOMAS CHARTER SCHOOL PERFORM,Sacramento,Sacramento,24,4,3,0.16666666666666666
NEW CANAAN HIGH SCHOOL,New Canaan,CT,16,4,3,0.25
NEW TECHNOLOGY HIGH SCHOOL,Napa,Napa,15,3,3,0.2
NEWARK MEMORIAL HIGH SCHOOL,Newark,Alameda,47,10,6,0.2127659574468085
NEWBURY PARK HIGH SCHOOL,Newbury Park,Ventura,62,11,4,0.1774193548387097
NEWPORT HARBOR HIGH SCHOOL,Newport Beach,Orange,79,6,3,0.0759493670886076
NEWPORT HIGH SCHOOL,Bellevue,WA,63,12,5,0.19047619047619047
NORTH HOLLYWOOD HIGH SCHOOL,North Hollywood,Los Angeles,86,28,11,0.32558139534883723
NORTH LONDON COLLEGIATE JEJU,nan,nan,44,20,6,0.45454545454545453
NORTH SALINAS HIGH SCHOOL,Salinas,Monterey,30,10,4,0.3333333333333333
NORTHFIELD MOUNT HERMON SCHOOL,Mount Hermon,MA,36,6,3,0.16666666666666666
NORTHGATE HIGH SCHOOL,Walnut Creek,Contra Costa,73,12,5,0.1643835616438356
NORTHWOOD HIGH SCHOOL,Irvine,Orange,197,45,19,0.22842639593908629
NOTRE DAME ACADEMY,Los Angeles,Los Angeles,38,11,5,0.2894736842105263
NOTRE DAME HIGH SCHOOL,Belmont,San Mateo,20,5,3,0.25
NOTRE DAME HIGH SCHOOL,San Jose,Santa Clara,59,12,6,0.2033898305084746
NOTRE DAME HIGH SCHOOL,Sherman Oaks,Los Angeles,65,14,9,0.2153846153846154
NUEVA SCHOOL,San Mateo,San Mateo,53,15,6,0.2830188679245283
OAK GROVE HIGH SCHOOL,San Jose,Santa Clara,29,4,4,0.13793103448275862
OAK HILLS HIGH SCHOOL,Oak Hills,San Bernardino,22,9,3,0.4090909090909091
OAK PARK HIGH SCHOOL,Oak Park,Ventura,89,11,4,0.12359550561797752
OAK RIDGE HIGH SCHOOL,El Dorado Hills,El Dorado,75,16,9,0.21333333333333335
OAKLAND CHARTER HIGH SCHOOL,Oakland,Alameda,62,11,8,0.1774193548387097
OAKLAND HIGH SCHOOL,Oakland,Alameda,71,10,7,0.14084507042253522
OAKLAND MILITARY INST COL PREP,Oakland,Alameda,17,3,3,0.17647058823529413
OAKLAND TECHNICAL HIGH SCHOOL,Oakland,Alameda,136,19,8,0.13970588235294118
OAKLAND UNITY HIGH SCHOOL,Oakland,Alameda,21,6,4,0.2857142857142857
OAKS CHRISTIAN SCHOOL,Westlake Village,Ventura,38,7,3,0.18421052631578946
OAKTON HIGH SCHOOL,Vienna,VA,18,4,3,0.2222222222222222
OCEANA HIGH SCHOOL,Pacifica,San Mateo,28,4,3,0.14285714285714285
OCEANSIDE HIGH SCHOOL,Oceanside,San Diego,11,3,3,0.2727272727272727
OKEMOS HIGH SCHOOL,Okemos,MI,10,4,3,0.4
OLYMPIAN HIGH SCHOOL,Chula Vista,San Diego,72,12,4,0.16666666666666666
ORANGE COUNTY HS OF THE ARTS,Santa Ana,Orange,114,26,8,0.22807017543859648
ORANGE GLEN HIGH SCHOOL,Escondido,San Diego,19,6,5,0.3157894736842105
ORANGE VISTA HIGH SCHOOL,Perris,Riverside,30,8,5,0.26666666666666666
ORTHOPAEDIC HOSP MED MAGNET HS,Los Angeles,Los Angeles,24,10,3,0.4166666666666667
OSCAR DE LA HOYA ANIMO CHARTER,Los Angeles,Los Angeles,13,7,3,0.5384615384615384
OTAY RANCH HIGH SCHOOL,Chula Vista,San Diego,43,13,9,0.3023255813953488
OTHER CALIF INSTITUTION,Unknown,Unknown,65,16,5,0.24615384615384617
OXFORD ACADEMY,Cypress,Orange,90,26,10,0.28888888888888886
OXNARD HIGH SCHOOL,Oxnard,Ventura,48,11,5,0.22916666666666666
PAJARO VALLEY HS,Watsonville,Santa Cruz,28,13,7,0.4642857142857143
PALISADES CHARTER HIGH SCHOOL,Pacific Palisade,Los Angeles,221,46,26,0.2081447963800905
PALM DESERT HIGH SCHOOL,Palm Desert,Riverside,22,8,3,0.36363636363636365
PALM SPRINGS HIGH SCHOOL,Palm Springs,Riverside,16,7,4,0.4375
PALMA HIGH SCHOOL,Salinas,Monterey,19,4,4,0.21052631578947367
PALO ALTO SENIOR HIGH SCHOOL,Palo Alto,Santa Clara,244,31,8,0.12704918032786885
PALOS VERDES HIGH SCHOOL,Palos Verdes Estate,Los Angeles,106,20,4,0.18867924528301888
PALOS VERDES PENINSULA HS,Rolling Hills Estat,Los Angeles,184,36,14,0.1956521739130435
PARADISE HIGH SCHOOL,Paradise,Butte,9,4,3,0.4444444444444444
PASADENA HIGH SCHOOL,Pasadena,Los Angeles,41,10,5,0.24390243902439024
PATRICK HENRY HIGH SCHOOL,San Diego,San Diego,66,10,6,0.15151515151515152
PATRIOT HIGH SCHOOL,Riverside,Riverside,12,4,3,0.3333333333333333
PATTERSON HIGH SCHOOL,Patterson,Stanislaus,35,9,7,0.2571428571428571
PETALUMA HIGH SCHOOL,Petaluma,Sonoma,32,8,4,0.25
PHILLIP & SALA BURTON ACAD HS,San Francisco,San Francisco,56,10,6,0.17857142857142858
PHILLIPS EXETER ACADEMY,Exeter,NH,57,12,3,0.21052631578947367
PIEDMONT HILLS HIGH SCHOOL,San Jose,Santa Clara,110,22,14,0.2
PINOLE VALLEY HIGH SCHOOL,Pinole,Contra Costa,35,11,10,0.3142857142857143
PIONEER HIGH SCHOOL,San Jose,Santa Clara,72,15,10,0.20833333333333334
PITTSBURG HIGH SCHOOL,Pittsburg,Contra Costa,69,25,18,0.36231884057971014
PLEASANT GROVE HIGH SCHOOL,Elk Grove,Sacramento,69,20,9,0.2898550724637681
PLEASANT VALLEY HIGH SCHOOL,Bettendorf,IA,7,4,3,0.5714285714285714
POINT LOMA HIGH SCHOOL,San Diego,San Diego,55,9,5,0.16363636363636364
POLYTECHNIC SCHOOL,Pasadena,Los Angeles,49,10,5,0.20408163265306123
PORT OF LOS ANGELES HS,San Pedro,Los Angeles,18,5,3,0.2777777777777778
PORTOLA HIGH SCHOOL,Irvine,Orange,175,57,30,0.32571428571428573
POWAY HIGH SCHOOL,Poway,San Diego,59,15,9,0.2542372881355932
PRESENTATION HIGH SCHOOL,San Jose,Santa Clara,59,10,5,0.1694915254237288
PREUSS SCHOOL UCSD,La Jolla,San Diego,42,17,4,0.40476190476190477
PRINCETON HIGH SCHOOL,Princeton,NJ,57,15,5,0.2631578947368421
PROSPECT HIGH SCHOOL,Saratoga,Santa Clara,48,10,6,0.20833333333333334
PUNAHOU SCHOOL,Honolulu,HI,80,18,6,0.225
QUARRY LANE SCHOOL,Dublin,Alameda,34,12,6,0.35294117647058826
QUARTZ HILL HIGH SCHOOL,Quartz Hill,Los Angeles,52,11,5,0.21153846153846154
RAFFLES INSTITUTION,nan,nan,112,15,8,0.13392857142857142
RAMONA HIGH SCHOOL,Riverside,Riverside,22,8,6,0.36363636363636365
RANCHO BERNARDO HIGH SCHOOL,San Diego,San Diego,76,9,5,0.11842105263157894
RANCHO BUENA VISTA HIGH SCHOOL,Vista,San Diego,33,12,7,0.36363636363636365
RANCHO MIRAGE HIGH SCHOOL,Rancho Mirage,Riverside,17,4,3,0.23529411764705882
RAOUL WALLENBERG TRADITIONAL,San Francisco,San Francisco,46,9,6,0.1956521739130435
REDLANDS EAST VALLEY HS,Redlands,San Bernardino,23,6,4,0.2608695652173913
REDWOOD HIGH SCHOOL,Larkspur,Marin,127,15,9,0.11811023622047244
REEDLEY HIGH SCHOOL,Reedley,Fresno,29,5,3,0.1724137931034483
RESEDA HIGH SCHOOL,Reseda,Los Angeles,21,5,3,0.23809523809523808
RIALTO HIGH SCHOOL,Rialto,San Bernardino,29,11,3,0.3793103448275862
RICHMOND HIGH SCHOOL,Richmond,Contra Costa,35,8,7,0.22857142857142856
RIDGE HIGH SCHOOL,Basking Ridge,NJ,23,11,5,0.4782608695652174
RIO AMERICANO HIGH SCHOOL,Sacramento,Sacramento,44,5,3,0.11363636363636363
RIVERSIDE POLY HIGH SCHOOL,Riverside,Riverside,33,10,3,0.30303030303030304
ROBERT A MILLIKAN HIGH SCHOOL,Long Beach,Los Angeles,67,11,5,0.16417910447761194
ROBERT COLLEGE,nan,nan,38,11,3,0.2894736842105263
ROBERT L STEVENSON HIGH SCHOOL,Pebble Beach,Monterey,51,9,3,0.17647058823529413
ROCK RIDGE HIGH SCHOOL,Ashburn,VA,9,5,4,0.5555555555555556
ROSELAND COLLEGIATE PREP,Santa Rosa,Sonoma,5,4,4,0.8
ROSELAND UNIVERSITY PREP,Santa Rosa,Sonoma,11,7,4,0.6363636363636364
ROSEMEAD HIGH SCHOOL,Rosemead,Los Angeles,47,10,5,0.2127659574468085
ROSEMONT HIGH SCHOOL,Sacramento,Sacramento,20,3,3,0.15
RUBEN S AYALA HIGH SCHOOL,Chino Hills,San Bernardino,79,14,10,0.17721518987341772
RUSSIA,nan,nan,36,4,3,0.1111111111111111
RUTGERS PREPARATORY SCHOOL,Somerset,NJ,17,5,4,0.29411764705882354
RUTH ASAWA SCHOOL OF THE ARTS,San Francisco,San Francisco,75,20,8,0.26666666666666666
SACRAMENTO HIGH SCHOOL,Sacramento,Sacramento,30,6,4,0.2
SACRED HEART CATHEDRAL PREP,San Francisco,San Francisco,67,17,3,0.2537313432835821
SACRED HEART PREPARATORY SCH,Atherton,San Mateo,50,14,7,0.28
SAGE CREEK HIGH SCHOOL,Carlsbad,San Diego,52,13,3,0.25
SAGE HILL SCHOOL,Newport Coast,Orange,72,20,7,0.2777777777777778
SAINT FRANCIS HIGH SCHOOL,Mountain View,Santa Clara,125,19,10,0.152
SAINT FRANCIS HIGH SCHOOL,Sacramento,Sacramento,35,7,4,0.2
SAINT IGNATIUS COLLEGE PREP SC,San Francisco,San Francisco,141,30,12,0.2127659574468085
SAINT JOSEPH-NOTRE DAME HS,Alameda,Alameda,27,8,4,0.2962962962962963
SAINT MARGARETS EPISCOPAL SCH,San Juan Capistrano,Orange,59,18,5,0.3050847457627119
SAINT MARYS COLLEGE HS,Berkeley,Alameda,41,5,3,0.12195121951219512
SAINT MARYS HIGH SCHOOL,Stockton,San Joaquin,22,5,4,0.22727272727272727
SALINAS HIGH SCHOOL,Salinas,Monterey,43,14,5,0.32558139534883723
SAN CLEMENTE HIGH SCHOOL,San Clemente,Orange,82,19,5,0.23170731707317074
SAN DIEGO INTL STUDIES,San Diego,San Diego,68,18,7,0.2647058823529412
SAN DIEGUITO ACADEMY,Encinitas,San Diego,95,15,7,0.15789473684210525
SAN FERNANDO HIGH SCHOOL,San Fernando,Los Angeles,38,10,6,0.2631578947368421
SAN FRANCISCO INTERNATIONAL HS,San Francisco,San Francisco,14,4,3,0.2857142857142857
SAN FRANCISCO UNIVERSITY HS,San Francisco,San Francisco,55,13,3,0.23636363636363636
SAN GABRIEL HIGH SCHOOL,San Gabriel,Los Angeles,68,22,10,0.3235294117647059
SAN JOSE HIGH SCHOOL,San Jose,Santa Clara,22,6,3,0.2727272727272727
SAN JUAN HILLS HIGH SCHOOL,San Juan Capistrano,Orange,64,11,4,0.171875
SAN LEANDRO HIGH SCHOOL,San Leandro,Alameda,74,10,9,0.13513513513513514
SAN LORENZO HIGH SCHOOL,San Lorenzo,Alameda,35,10,7,0.2857142857142857
SAN LUIS OBISPO HIGH SCHOOL,San Luis Obispo,San Luis Obispo,64,12,6,0.1875
SAN MARCOS HIGH SCHOOL,San Marcos,San Diego,89,21,8,0.23595505617977527
SAN MARCOS HIGH SCHOOL,Santa Barbara,Santa Barbara,71,18,7,0.2535211267605634
SAN MARIN HIGH SCHOOL,Novato,Marin,47,11,6,0.23404255319148937
SAN MARINO HIGH SCHOOL,San Marino,Los Angeles,100,22,8,0.22
SAN MATEO HIGH SCHOOL,San Mateo,San Mateo,91,16,8,0.17582417582417584
SAN RAMON VALLEY HIGH SCHOOL,Danville,Contra Costa,94,22,16,0.23404255319148937
SANTA BARBARA SENIOR HIGH SCHO,Santa Barbara,Santa Barbara,95,12,3,0.12631578947368421
SANTA CLARA HIGH SCHOOL,Santa Clara,Santa Clara,74,17,9,0.22972972972972974
SANTA CRUZ HIGH SCHOOL,Santa Cruz,Santa Cruz,40,13,7,0.325
SANTA FE HIGH SCHOOL,Santa Fe Springs,Los Angeles,45,12,3,0.26666666666666666
SANTA MARGARITA CATHOLIC HS,Rancho San Margarit,Orange,87,23,8,0.26436781609195403
SANTA MARIA HIGH SCHOOL,Santa Maria,Santa Barbara,25,5,4,0.2
SANTA MONICA HIGH SCHOOL,Santa Monica,Los Angeles,195,38,15,0.19487179487179487
SANTA SUSANA HIGH SCHOOL,Simi Valley,Ventura,43,8,4,0.18604651162790697
SANTA TERESA HIGH SCHOOL,San Jose,Santa Clara,68,15,7,0.22058823529411764
SANTIAGO HIGH SCHOOL,Corona,Riverside,76,14,3,0.18421052631578946
SANTIAGO HIGH SCHOOL,Garden Grove,Orange,28,6,3,0.21428571428571427
SARATOGA HIGH SCHOOL,Saratoga,Santa Clara,216,31,13,0.14351851851851852
SAVANNA HIGH SCHOOL,Anaheim,Orange,17,5,5,0.29411764705882354
SCARSDALE HIGH SCHOOL,Scarsdale,NY,35,8,4,0.22857142857142856
SCOTTS VALLEY HIGH SCHOOL,Scotts Valley,Santa Cruz,28,5,3,0.17857142857142858
SCRIPPS RANCH HIGH,San Diego,San Diego,99,12,6,0.12121212121212122
SEGERSTROM HIGH SCHOOL,Santa Ana,Orange,36,10,5,0.2777777777777778
SELMA HIGH SCHOOL,Selma,Fresno,25,6,3,0.24
SEMIAHMOO SECONDARY SCHOOL,nan,nan,22,8,4,0.36363636363636365
SENTINEL SECONDARY SCHOOL,nan,nan,15,6,3,0.4
SEOUL INTERNATIONAL SCHOOL,nan,nan,79,30,14,0.379746835443038
SEQUOIA HIGH SCHOOL,Redwood City,San Mateo,88,18,11,0.20454545454545456
SERRA HIGH,San Diego,San Diego,47,6,4,0.1276595744680851
SERRANO HIGH SCHOOL,Phelan,San Bernardino,11,7,3,0.6363636363636364
SEVEN LAKES HIGH SCHOOL,Katy,TX,35,6,3,0.17142857142857143
SHANGHAI FOREIGN LANGUAGE SCHL,nan,nan,79,5,3,0.06329113924050633
SHERMAN OAKS CTR ENRCHED STDS,Reseda,Los Angeles,45,6,6,0.13333333333333333
SHREWSBURY INTERNATIONAL SCHL,nan,nan,13,4,3,0.3076923076923077
SHRI RAM SCHOOL - DLF CAMPUS,nan,nan,32,5,5,0.15625
SIERRA VISTA HIGH SCHOOL,Baldwin Park,Los Angeles,32,10,3,0.3125
SILVER CREEK HIGH SCHOOL,San Jose,Santa Clara,74,9,7,0.12162162162162163
SIMI VALLEY HIGH SCHOOL,Simi Valley,Ventura,40,7,3,0.175
SINGAPORE AMERICAN SCHOOL,nan,nan,82,10,7,0.12195121951219512
SIR FRANCIS DRAKE HIGH SCHOOL,San Anselmo,Marin,54,5,3,0.09259259259259259
SIR WINSTON CHURCHILL HS,nan,nan,10,3,3,0.3
SKYLINE HIGH SCHOOL,Oakland,Alameda,73,13,6,0.1780821917808219
SKYLINE HIGH SCHOOL,Salt Lake City,UT,17,6,3,0.35294117647058826
SKYLINE HIGH SCHOOL,Sammamish,WA,83,5,3,0.060240963855421686
SOAR HIGH SCHOOL,Lancaster,Los Angeles,39,10,6,0.2564102564102564
SONOMA ACADEMY,Santa Rosa,Sonoma,25,3,3,0.12
SOQUEL HIGH SCHOOL,Soquel,Santa Cruz,30,8,5,0.26666666666666666
SOUTH BRUNSWICK HIGH SCHOOL,Monmouth Jct,NJ,44,8,7,0.18181818181818182
SOUTH EAST HIGH SCHOOL,South Gate,Los Angeles,38,12,3,0.3157894736842105
SOUTH EUGENE HIGH SCHOOL,Eugene,OR,17,5,3,0.29411764705882354
SOUTH GATE HIGH SCHOOL,South Gate,Los Angeles,29,8,5,0.27586206896551724
SOUTH HIGH SCHOOL,Bakersfield,Kern,17,11,7,0.6470588235294118
SOUTH HIGH SCHOOL,Torrance,Los Angeles,85,15,4,0.17647058823529413
SOUTH PASADENA HIGH SCHOOL,South Pasadena,Los Angeles,98,23,13,0.23469387755102042
SOUTHWEST HIGH SCHOOL,El Centro,Imperial,23,8,3,0.34782608695652173
STANFORD ONLINE HIGH SCHOOL,Redwood City,San Mateo,36,9,5,0.25
STANTON COLLEGE PREP SCHOOL,Jacksonville,FL,12,5,3,0.4166666666666667
STEELE CANYON HIGH SCHOOL,Spring Valley,San Diego,40,9,6,0.225
STOCKDALE HIGH SCHOOL,Bakersfield,Kern,64,17,4,0.265625
STUYVESANT HIGH SCHOOL,New York,NY,76,20,3,0.2631578947368421
SUMMIT HIGH SCHOOL,Fontana,San Bernardino,35,7,4,0.2
SUMMIT PREPARATORY HIGH SCHOOL,Redwood City,San Mateo,22,6,5,0.2727272727272727
SUNNY HILLS HIGH SCHOOL,Fullerton,Orange,104,19,8,0.18269230769230768
SUNSET HIGH SCHOOL,Portland,OR,30,12,6,0.4
SYLMAR HIGH SCHOOL,Sylmar,Los Angeles,21,5,4,0.23809523809523808
TAMALPAIS HIGH SCHOOL,Mill Valley,Marin,119,19,13,0.15966386554621848
TANGLIN TRUST SCHOOL LTD,nan,nan,11,3,3,0.2727272727272727
TARBUT V TORAH CMNTY DAY SCHL,Irvine,Orange,20,7,3,0.35
TECHNOLOGY HIGH SCHOOL,Rohnert Park,Sonoma,17,5,3,0.29411764705882354
TEMPLE CITY HIGH SCHOOL,Temple City,Los Angeles,132,24,9,0.18181818181818182
TENNYSON HIGH SCHOOL,Hayward,Alameda,25,7,4,0.28
TERRA LINDA HIGH SCHOOL,San Rafael,Marin,51,9,4,0.17647058823529413
TESORO HIGH SCHOOL,Rancho San Margarit,Orange,92,21,10,0.22826086956521738
THEODORE ROOSEVELT SENIOR HS,Los Angeles,Los Angeles,16,6,3,0.375
THOMAS JEFFERSON HS SCI/TEC,Alexandria,VA,126,21,7,0.16666666666666666
THOMAS SPRIGG WOOTTON HS,Rockville,MD,49,14,4,0.2857142857142857
THOUSAND OAKS HIGH SCHOOL,Thousand Oaks,Ventura,52,8,4,0.15384615384615385
TORREY PINES HIGH SCHOOL,San Diego,San Diego,186,34,19,0.1827956989247312
TRABUCO HILLS HIGH SCHOOL,Mission Viejo,Orange,38,9,8,0.23684210526315788
TRACY JOINT UNION HIGH SCHOOL,Tracy,San Joaquin,51,14,7,0.27450980392156865
TRINITY CLASSICAL ACADEMY,Valencia,Los Angeles,11,6,4,0.5454545454545454
TROY HIGH SCHOOL,Fullerton,Orange,246,45,21,0.18292682926829268
TULARE WESTERN HIGH SCHOOL,Tulare,Tulare,18,4,3,0.2222222222222222
TURLOCK HIGH SCHOOL,Turlock,Stanislaus,36,8,4,0.2222222222222222
UNION COUNTY MAGNET HS,Scotch Plains,NJ,12,6,4,0.5
UNITED KINGDOM,nan,nan,280,47,11,0.16785714285714284
UNIVERSITY CITY HIGH,San Diego,San Diego,64,8,3,0.125
UNIVERSITY HIGH SCHOOL,Fresno,Fresno,44,18,9,0.4090909090909091
UNIVERSITY HIGH SCHOOL,Irvine,Orange,235,47,22,0.2
UNIVERSITY HILL SECONDARY SCH,nan,nan,14,5,4,0.35714285714285715
UNIVERSITY OF TORONTO SCHOOLS,nan,nan,16,7,3,0.4375
UNIVERSITY PREP ACADEMY,San Jose,Santa Clara,37,10,7,0.2702702702702703
UNIVERSITY PREPARATORY,Victorville,San Bernardino,38,12,6,0.3157894736842105
UPLAND HIGH SCHOOL,Upland,San Bernardino,72,14,7,0.19444444444444445
USKUDAR AMERICAN ACADEMY,nan,nan,25,9,4,0.36
VACAVILLE HIGH SCHOOL,Vacaville,Solano,40,9,5,0.225
VALENCIA HIGH SCHOOL,Placentia,Orange,94,19,9,0.20212765957446807
VALENCIA HIGH SCHOOL,Valencia,Los Angeles,85,21,8,0.24705882352941178
VALLEY CHRISTIAN HIGH SCHOOL,Dublin,Alameda,10,4,4,0.4
VALLEY CHRISTIAN HIGH SCHOOL,San Jose,Santa Clara,121,21,9,0.17355371900826447
VALLEY HIGH SCHOOL,Sacramento,Sacramento,11,3,3,0.2727272727272727
VALLEY HIGH SCHOOL,Santa Ana,Orange,33,11,7,0.3333333333333333
VAN NUYS HIGH SCHOOL,Van Nuys,Los Angeles,66,21,14,0.3181818181818182
VANDEN HIGH SCHOOL,Fairfield,Solano,37,8,6,0.21621621621621623
VENICE HIGH SCHOOL,Los Angeles,Los Angeles,47,9,3,0.19148936170212766
VENTURA HIGH SCHOOL,Ventura,Ventura,30,10,4,0.3333333333333333
VERDUGO HILLS HIGH SCHOOL,Tujunga,Los Angeles,21,3,3,0.14285714285714285
VIEWPOINT SCHOOL,Calabasas,Los Angeles,57,13,5,0.22807017543859648
VILLA PARK HIGH SCHOOL,Villa Park,Orange,41,14,3,0.34146341463414637
VILLAGE CHRISTIAN HIGH SCHOOL,Sun Valley,Los Angeles,26,5,3,0.19230769230769232
VISTA DEL LAGO HIGH SCHOOL,Folsom,Sacramento,77,29,19,0.37662337662337664
W C OVERFELT HIGH SCHOOL,San Jose,Santa Clara,46,13,5,0.2826086956521739
WALNUT HIGH SCHOOL,Walnut,Los Angeles,169,35,14,0.20710059171597633
WALT WHITMAN HIGH SCHOOL,Bethesda,MD,46,12,5,0.2608695652173913
WARREN HIGH SCHOOL,Downey,Los Angeles,56,16,5,0.2857142857142857
WASHINGTON HIGH SCHOOL,Fremont,Alameda,124,19,15,0.1532258064516129
WATSONVILLE HIGH SCHOOL,Watsonville,Santa Cruz,50,11,8,0.22
WAYZATA HIGH SCHOOL,Plymouth,MN,40,11,3,0.275
WEST ADAMS PREPARATORY HS,Los Angeles,Los Angeles,25,8,3,0.32
WEST CAMPUS HIGH SCHOOL,Sacramento,Sacramento,52,9,3,0.17307692307692307
WEST HIGH SCHOOL,Torrance,Los Angeles,97,19,11,0.1958762886597938
WEST RANCH HIGH SCHOOL,Valencia,Los Angeles,99,28,12,0.2828282828282828
WEST WINDSOR-PLAINSBORO HS N,Plainsboro,NJ,40,9,3,0.225
WEST WINDSOR-PLAINSBORO SOUTH,West Windsor,NJ,48,11,6,0.22916666666666666
WESTERN CENTER ACADEMY,Hemet,Riverside,13,7,3,0.5384615384615384
WESTLAKE HIGH SCHOOL,Westlake Village,Ventura,122,35,18,0.28688524590163933
WESTLAKE HIGH SCHOOL,Austin,TX,65,19,3,0.2923076923076923
WESTMINSTER HIGH SCHOOL,Westminster,Orange,40,16,6,0.4
WESTMONT HIGH SCHOOL,Campbell,Santa Clara,66,8,3,0.12121212121212122
WESTVIEW HIGH SCHOOL,San Diego,San Diego,151,31,18,0.2052980132450331
WESTVIEW HIGH SCHOOL,Portland,OR,43,13,5,0.3023255813953488
WESTWOOD HIGH SCHOOL,Austin,TX,61,17,4,0.2786885245901639
WHITTIER HIGH SCHOOL,Whittier,Los Angeles,31,15,6,0.4838709677419355
WILL C WOOD HIGH SCHOOL,Vacaville,Solano,19,6,5,0.3157894736842105
WILLIAM FREMD HIGH SCHOOL,Palatine,IL,38,7,3,0.18421052631578946
WILLIAM HOWARD TAFT HS,Woodland Hills,Los Angeles,51,12,7,0.23529411764705882
WILLIAM J PETE KNIGHT HIGH SCH,Palmdale,Los Angeles,34,11,4,0.3235294117647059
WILLIAM P CLEMENTS HIGH SCHOOL,Sugar Land,TX,64,15,3,0.234375
WILLIAM S HART HIGH SCHOOL,Newhall,Los Angeles,39,7,6,0.1794871794871795
WILLOW GLEN HIGH SCHOOL,San Jose,Santa Clara,64,14,10,0.21875
WINDSOR HIGH SCHOOL,Windsor,Sonoma,38,7,5,0.18421052631578946
WINDWARD SCHOOL,Los Angeles,Los Angeles,57,10,4,0.17543859649122806
WINSTON CHURCHILL HIGH SCHOOL,Potomac,MD,50,12,4,0.24
WOODBRIDGE HIGH SCHOOL,Irvine,Orange,142,42,23,0.29577464788732394
WOODROW WILSON HIGH SCHOOL,Long Beach,Los Angeles,85,20,7,0.23529411764705882
WOODROW WILSON HIGH SCHOOL,Los Angeles,Los Angeles,40,12,6,0.3
WOODSIDE HIGH SCHOOL,Woodside,San Mateo,71,18,10,0.2535211267605634
WOODSIDE PRIORY SCHOOL,Portola Valley,San Mateo,30,10,6,0.3333333333333333
WUHAN FOREIGN LANGUAGES SCHOOL,nan,nan,91,9,6,0.0989010989010989
YERBA BUENA HIGH SCHOOL,San Jose,Santa Clara,65,17,11,0.26153846153846155
YGNACIO VALLEY HIGH SCHOOL,Concord,Contra Costa,31,7,4,0.22580645161290322
YONGSAN INTL SCHOOL SEOUL,nan,nan,31,9,4,0.2903225806451613
YORBA LINDA HIGH SCHOOL,Yorba Linda,Orange,63,11,5,0.1746031746031746
